date,commit,line_coverage_percent
2026-07-12T16:49:17Z,8c279775,62.31
2026-07-13T04:56:56Z,8053b2d2,66.24
2026-07-13T17:08:05Z,f755d657,72.21
2026-07-16T19:09:18Z,dc9042ce,71.87
2026-07-23T04:44:01Z,e0ba8945,71.78
2026-07-26T18:04:38Z,88ead2b4,71.78
2026-07-28T19:34:21Z,69c262b4,72.13
2026-07-30T20:11:34Z,82722105,74.06
2026-07-31T11:26:20Z,7a6e734a,81.54
2026-08-10T15:26:44Z,edb934d0,82.69
2026-08-10T19:27:02Z,216d622f,82.89
2026-08-12T14:22:51Z,d4086c88,82.90
2026-08-12T17:15:00Z,3779921f,83.44
2026-08-19T16:04:09Z,e3f3b29b,83.32
2026-08-24T15:12:46Z,e3360f78,83.95
2026-08-24T15:35:00Z,6d1ed662,83.97
2026-08-24T19:01:19Z,7218779c,83.98
2026-08-26T19:15:32Z,c892615f,83.97
2026-08-27T04:47:48Z,3138c5d4,83.97
2026-08-28T15:13:56Z,f207c187,83.97
